,Occurrence
data,716
python,657
science,631
learning,586
machine,561
sql,445
statistics,417
computer,392
r,382
modeling,356
analysis,314
algorithms,295
mathematics,264
cloud,236
skills,222
big,200
communication,199
analytics,183
leadership,175
management,175
deep,170
intelligence,167
engineering,166
testing,163
java,162
mining,161
development,154
tableau,145
visualization,140
statistical,139
processing,130
tensorflow,123
database,123
marketing,119
business,117
software,117
natural,117
sas,116
artificial,113
services,110
research,102
agile,96
operations,92
scala,91
advanced,90
language,83
physics,81
problem,80
solving,80
project,72
predictive,70
writing,70
automation,68
clustering,67
etl,63
neural,62
networks,62
product,61
google,59
financial,57
web,56
c++,56
keras,53
git,53
microsoft,53
security,52
linux,51
finance,50
matlab,49
computing,49
sales,47
risk,47
cases,47
information,46
vision,45
design,44
mysql,44
written,44
use,43
oracle,41
network,39
nosql,38
api,38
architecture,37
systems,37
apache,36
banking,35
devops,35
san,34
integration,34
amazon,34
c,32
collection,31
attention,31
to,31
detail,31
distributed,30
docker,30
javascript,29
qa,28
spark,28
professional,28
biology,27
structures,26
nltk,25
biostatistics,25
teamwork,25
troubleshooting,24
jupyter,24
customer,24
text,23
manipulation,23
cleansing,23
advertising,22
genetics,22
continuous,22
industrial,22
credit,22
elasticsearch,21
json,21
github,21
acquisition,21
support,21
mapreduce,21
life,21
sciences,21
planning,20
thought,20
less,20
flask,20
electrical,20
unix,19
bioinformatics,19
cyber,19
technologies,18
emerging,18
jira,18
a/b,18
teradata,17
linear,17
interpersonal,17
it,17
scrum,17
media,17
storage,16
publishing,16
deployment,16
saas,16
c#,16
retrieval,16
quality,15
methods,15
knowledge,15
algebra,15
iot,14
roadmaps,14
excel,14
parallel,14
social,13
extraction,13
experiments,13
of,13
unit,13
debugging,13
sap,13
graph,13
shell,13
spectrum,13
scripting,13
implementation,13
office,12
image,12
chemistry,12
django,12
improvement,12
databases,12
team,12
arcgis,12
test,12
assessment,12
hipaa,12
enterprise,12
hive,12
and,12
integrity,11
bash,11
hdfs,11
procurement,11
windows,11
underwriting,11
confluence,11
programming,11
warehouse,11
perl,11
kubernetes,11
process,11
ux,11
model,11
visual,11
basic,11
technical,11
azure,11
performance,11
crm,10
remote,10
sensing,10
server,10
networking,10
postgresql,10
quantitative,10
gps,10
linguistics,10
html,9
julia,9
graphql,9
wrangling,9
xml,9
node.js,9
ui,9
profiling,9
accounting,9
qlikview,9
opencv,9
jenkins,9
hadoop,9
control,9
tests,9
objects,8
digital,8
typescript,8
assurance,8
weka,8
telematics,8
managed,8
restful,8
consulting,8
ruby,8
cuda,8
embedded,8
delivery,8
robotics,8
rnn,8
torch,7
.net,7
terraform,7
pl/sql,7
service,7
jvm,7
redis,7
oop,7
spring,7
forensics,7
core,7
modelling,7
broadband,7
patterns,7
system,7
power,7
mongodb,7
biotechnology,7
jersey,7
bi,7
operational,7
administration,6
analyst,6
consumer,6
word,6
access,6
bitbucket,6
program,6
prospecting,6
wealth,6
workflow,6
rapid,6
vertica,6
prototyping,6
atlassian,6
high,6
d3.js,6
scoping,6
soap,6
online,5
blockchain,5
erp,5
splunk,5
budget,5
cadence,5
object-oriented,5
outlook,5
waterfall,5
jdbc,5
entry,5
vba,5
electronics,5
kibana,5
excellence,5
base,5
marts,4
microstrategy,4
sigma,4
bteq,4
bamboo,4
cissp,4
uml,4
groups,4
kotlin,4
purchasing,4
pmp,4
oral,4
cots,4
sdlc,4
focus,4
market,4
scraping,4
decision,4
strategy,4
neo4j,4
cisco,4
six,4
genomics,4
xslt,4
reporting,4
trend,4
forensic,4
cloudera,4
geospatial,3
esri,3
resource,3
billing,3
kernel,3
property,3
informatica,3
bridging,3
inventory,3
mulesoft,3
electronic,3
gpu,3
revenue,3
impact,3
merchandising,3
suites,3
sharing,3
center,3
clinical,3
medical,3
geographic,3
asset,3
ideation,3
chain,3
lisp,3
biochemistry,3
procedures,3
animation,3
robotic,3
derivatives,3
root,3
j2ee,3
stored,3
infrastructure,3
signal,3
automated,3
theano,3
css,3
cisa,3
cad,3
relationships,3
hl7,3
cause,3
vendor,3
supply,3
generation,3
oltp,3
workforce,2
commerce,2
plans,2
aerospace,2
cytometry,2
php,2
acceptance,2
android,2
build,2
lifecycle,2
change,2
contact,2
flow,2
initio,2
mainframe,2
allocation,2
patents,2
reality,2
seo,2
virtual,2
ab,2
monitoring,2
optimization,2
regression,2
queues,2
landing,2
page,2
chef,2
master,2
configuration,2
retail,2
edi,2
bid,2
redshift,2
hana,2
message,2
jmp,2
com,2
react.js,2
rstudio,2
lexisnexis,2
appian,2
migration,2
puppet,2
aviation,2
perforce,2
tuning,2
demand,2
issue,2
pig,2
report,2
records,2
optical,2
tracking,2
jsp,2
epic,2
capital,2
venture,2
mobile,2
foundry,2
portfolio,2
ansible,2
directory,2
theory,2
asp.net,2
execution,2
jquery,2
active,2
nan,2
centers,2
basis,2
security+,2
trials,2
cmmi,2
sass,2
dns,2
engagement,2
governance,2
resolution,2
protocols,2
dba,2
devices,1
soa,1
powershell,1
global,1
dynatrace,1
jdk,1
wireless,1
good,1
paas,1
apis,1
practice,1
contracting,1
rac,1
internet,1
olap,1
mvp,1
cold,1
government,1
webfocus,1
hibernate,1
eclipse,1
qlik,1
ontologies,1
grc,1
sourcing,1
calling,1
hydraulics,1
ssas,1
geology,1
building,1
functional,1
servicenow,1
vldb,1
solution,1
search,1
qualtrics,1
incident,1
pmo,1
application,1
production,1
people,1
paid,1
call,1
ganglia,1
case,1
geodatabases,1
ehr,1
conflict,1
dhcp,1
netezza,1
goods,1
investment,1
commodities,1
salesforce.com,1
streaming,1
asp,1
video,1
sense,1
casualty,1
boost,1
content,1
controller,1
sharepoint,1
ladder,1
capacity,1
logic,1
autocad,1
lead,1
mercurial,1
veritas,1
insurance,1
reports,1
windbg,1
communications,1
general,1
gap,1
technology,1
game,1
qgis,1
itil,1
qualitative,1
programmable,1
device,1
drivers,1
sem,1
trade,1
shows,1
biomedical,1
pivotal,1
utilization,1
wwf,1
togaf,1
nexus,1
fiserv,1
bonds,1
ssl,1
journalism,1
informatics,1
health,1
ant,1
strategic,1
hubspot,1
spanish,1
selenium,1
ssrs,1
crystal,1
chemical,1
file,1
fixed,1
order,1
bluetooth,1
requirements,1
meta-data,1
batch,1
s3,1
rds,1
ec2,1
centos,1
hr,1
cryptography,1
jax,1
21,1
cfr,1
11,1
iso,1
13485,1
part,1
tibco,1
income,1
equities,1
typography,1
experience,1
f5,1
vmware,1
netapp,1
actimize,1
mechanical,1
validation,1
a+,1
transact-sql,1
hql,1
encryption,1
vulnerability,1
endpoint,1
protection,1
hiveql,1
estimation,1
defect,1
v-model,1
peoplesoft,1
graphics,1
rally,1
